{
  "type": "FeatureCollection",
  "features": [
    {
      "type": "Feature",
      "properties": {
        "Name_EN": "Merged Townships (Lemyethna, Hinthada, Kyonpyaw, Yegyi)",
        "Name_MMR": "လေးမျက်နှာ၊ ဟင်္သာတ၊ ကျုံပျော်၊ ရေကြည် မြို့နယ်များ ပေါင်းစပ်နယ်နိမိတ်",
        "Townships": [
          {
            "TS_PCODE": "MMR017010",
            "TS": "Lemyethna",
            "TS_MMR": "လေးမျက်နှာ"
          },
          {
            "TS_PCODE": "MMR017008",
            "TS": "Hinthada",
            "TS_MMR": "ဟင်္သာတ"
          },
          {
            "TS_PCODE": "MMR017005",
            "TS": "Kyonpyaw",
            "TS_MMR": "ကျုံပျော်"
          },
          {
            "TS_PCODE": "MMR017006",
            "TS": "Yegyi",
            "TS_MMR": "ရေကြည်"
          }
        ],
        "State_Region": "Ayeyarwady",
        "ST_PCODE": "MMR017"
      },
      "geometry": {
        "type": "Polygon",
        "coordinates": [
          [
            [
              95.36727722406471,
              17.40632403932301
            ],
            [
              95.3682228018409,
              17.405877722878632
            ],
            [
              95.36871446570008,
              17.4022653629562
            ],
            [
              95.3675098606916,
              17.40202682138073
            ],
            [
              95.36636463072317,
              17.40179976594647
            ],
            [
              95.3624249976156,
              17.399061229592125
            ],
            [
              95.36347457479185,
              17.394653001135172
            ],
            [
              95.35990601185301,
              17.388775363192504
            ],
            [
              95.35983638634019,
              17.38759173397142
            ],
            [
              95.35969609389969,
              17.385206796656398
            ],
            [
              95.36551424798424,
              17.387338797847274
            ],
            [
              95.36879749111138,
              17.386571903670482
            ],
            [
              95.37116780275191,
              17.386018251341273
            ],
            [
              95.37191706572008,
              17.38530565373299
            ],
            [
              95.37211394530237,
              17.385118406789097
            ],
            [
              95.37249991543884,
              17.385120575054543
            ],
            [
              95.37822918862622,
              17.385152765387897
            ],
            [
              95.38011730087278,
              17.384260073143924
            ],
            [
              95.38011315140083,
              17.385164032094462
            ],
            [
              95.38293604326384,
              17.38517940060888
            ],
            [
              95.38866445580004,
              17.3803787349907
            ],
            [
              95.391057365605,
              17.37842090010452
            ],
            [
              95.39275815626394,
              17.378944219200374
            ],
            [
              95.39305592988734,
              17.379035842130452
            ],
            [
              95.39436911814035,
              17.378160383594896
            ],
            [
              95.39840408028414,
              17.375470407933058
            ],
            [
              95.40146930796227,
              17.37198210858748
            ],
            [
              95.40450594799114,
              17.369957681601754
            ],
            [
              95.40587753731853,
              17.36904328961616
            ],
            [
              95.40377838206673,
              17.36631438679955
            ],
            [
              95.39853048899096,
              17.365054894367912
            ],
            [
              95.39683340713611,
              17.364262920797227
            ],
            [
              95.39538175566356,
              17.363585483083625
            ],
            [
              95.39572039717865,
              17.361440763680363
            ],
            [
              95.39601150412767,
              17.359597086936045
            ],
            [
              95.39895032219965,
              17.35560868988915
            ],
            [
              95.39853048899094,
              17.349101305281074
            ],
            [
              95.40519543662015,
              17.344052103022193
            ],
            [
              95.4054577068078,
              17.34385341310456
            ],
            [
              95.40482796014233,
              17.339445183748303
            ],
            [
              95.40768215470774,
              17.337881258213546
            ],
            [
              95.40956304000235,
              17.337892499739098
            ],
            [
              95.40970014344691,
              17.33815999408851
            ],
            [
              95.41002816037138,
              17.338799969642928
            ],
            [
              95.4106169779912,
              17.338991550419795
            ],
            [
              95.41063642672974,
              17.338997878049675
            ],
            [
              95.41143612008096,
              17.339258069904087
            ],
            [
              95.41151897911767,
              17.339419747323518
            ],
            [
              95.41190123955062,
              17.340165629740053
            ],
            [
              95.41330920015952,
              17.34062373000118
            ],
            [
              95.41407663213089,
              17.341123212566234
            ],
            [
              95.41565479483297,
              17.341992002628846
            ],
            [
              95.41553365885136,
              17.33902535323751
            ],
            [
              95.41448407807782,
              17.33671628003237
            ],
            [
              95.40986593706339,
              17.335456786701403
            ],
            [
              95.40734694770356,
              17.330838642989033
            ],
            [
              95.40356846681135,
              17.32391142787014
            ],
            [
              95.40356846681134,
              17.320972606200883
            ],
            [
              95.40629736962796,
              17.32034286133405
            ],
            [
              95.41049568193024,
              17.31509496915755
            ],
            [
              95.41359717476986,
              17.31016077579921
            ],
            [
              95.4151138256426,
              17.307747920829904
            ],
            [
              95.42010265281523,
              17.305425116775776
            ],
            [
              95.42588057033214,
              17.303499533376787
            ],
            [
              95.42597759998631,
              17.30346614964315
            ],
            [
              95.42811168040977,
              17.30275541992672
            ],
            [
              95.4290548803785,
              17.302308750048837
            ],
            [
              95.4298394579247,
              17.297584764225515
            ],
            [
              95.4300294001368,
              17.296441109869363
            ],
            [
              95.43239892037396,
              17.293291470025395
            ],
            [
              95.43330938591947,
              17.287809417770465
            ],
            [
              95.4309653749522,
              17.288036259166063
            ],
            [
              95.42655714559585,
              17.288980880063594
            ],
            [
              95.42388072001928,
              17.285517269806242
            ],
            [
              95.42104686002462,
              17.283155721159627
            ],
            [
              95.41978092844715,
              17.28217110741071
            ],
            [
              95.4153791346394,
              17.278747491803365
            ],
            [
              95.40845192041985,
              17.277015688023653
            ],
            [
              95.4064052433074,
              17.276385939559535
            ],
            [
              95.40625673466064,
              17.275977543928537
            ],
            [
              95.40514574997646,
              17.272922332899395
            ],
            [
              95.40320481604947,
              17.271073824997075
            ],
            [
              95.40183957593575,
              17.269773595974698
            ],
            [
              95.40278419773261,
              17.263790999954733
            ],
            [
              95.40341394619674,
              17.257650970416027
            ],
            [
              95.4062935196303,
              17.254299869843173
            ],
            [
              95.40648380898068,
              17.25367407300012
            ],
            [
              95.40722604014968,
              17.25123654423118
            ],
            [
              95.40725462959757,
              17.251142566876
            ],
            [
              95.40819700758591,
              17.250696185680457
            ],
            [
              95.40848485988846,
              17.24988115439181
            ],
            [
              95.40867410332726,
              17.24934532842423
            ],
            [
              95.41102359386383,
              17.249807422574527
            ],
            [
              95.41049859843162,
              17.247102707024343
            ],
            [
              95.41065603464835,
              17.244111408115042
            ],
            [
              95.40923910510065,
              17.241749858569175
            ],
            [
              95.4064052433074,
              17.239545745239976
            ],
            [
              95.40467343862832,
              17.237341630112216
            ],
            [
              95.40451600241164,
              17.231673908324243
            ],
            [
              95.40596700007706,
              17.229903299697575
            ],
            [
              95.40667922806398,
              17.227672453121258
            ],
            [
              95.40441760398933,
              17.22638009496547
            ],
            [
              95.40288259615492,
              17.22543547586657
            ],
            [
              95.40276451786826,
              17.222247383709824
            ],
            [
              95.40264644138023,
              17.217760435795526
            ],
            [
              95.39945834832419,
              17.21469041832818
            ],
            [
              95.39851372562799,
              17.212801177432432
            ],
            [
              95.39597575068042,
              17.209917118180503
            ],
            [
              95.39591601860944,
              17.209849240050456
            ],
            [
              95.39095676294431,
              17.20760576609326
            ],
            [
              95.38918560033521,
              17.20524421384941
            ],
            [
              95.38635173764264,
              17.203118818178936
            ],
            [
              95.37950324108176,
              17.203236895566306
            ],
            [
              95.37418974875796,
              17.20323689556629
            ],
            [
              95.37407167137059,
              17.201583810344623
            ],
            [
              95.37478013839275,
              17.197687251165757
            ],
            [
              95.3764332227151,
              17.194617236396372
            ],
            [
              95.37749592189931,
              17.191665296316437
            ],
            [
              95.37525244884148,
              17.18528910660706
            ],
            [
              95.37383551929383,
              17.181746781388878
            ],
            [
              95.37171012272404,
              17.177023681397834
            ],
            [
              95.37171012272404,
              17.174071741317842
            ],
            [
              95.37340681787043,
              17.17280364057559
            ],
            [
              95.3743230004062,
              17.172758789586517
            ],
            [
              95.38186648225242,
              17.172390874239504
            ],
            [
              95.38145735007669,
              17.17012780495429
            ],
            [
              95.37893836431414,
              17.16844847931389
            ],
            [
              95.3755797130334,
              17.165089829831835
            ],
            [
              95.373900387393,
              17.164460082267052
            ],
            [
              95.37033182085692,
              17.159422108043874
            ],
            [
              95.364664099069,
              17.154384131122814
            ],
            [
              95.36507577812472,
              17.15152511169459
            ],
            [
              95.36172528009763,
              17.152284974971668
            ],
            [
              95.36067570202209,
              17.149136238946298
            ],
            [
              95.35647738792117,
              17.14388834856851
            ],
            [
              95.35669132404541,
              17.139278984037976
            ],
            [
              95.35670543980429,
              17.137020719830392
            ],
            [
              95.35549081904612,
              17.13730500002578
            ],
            [
              95.35482227562755,
              17.137460841744492
            ],
            [
              95.3539621514322,
              17.138281748304124
            ],
            [
              95.35387944168292,
              17.138360686296657
            ],
            [
              95.35380745095318,
              17.138377466746757
            ],
            [
              95.35199542674756,
              17.138799854030083
            ],
            [
              95.35190174167212,
              17.13927988965525
            ],
            [
              95.35102622468058,
              17.14376599580413
            ],
            [
              95.3491416458703,
              17.144658664665723
            ],
            [
              95.34874350430933,
              17.145778737898468
            ],
            [
              95.34866147894418,
              17.146009494942277
            ],
            [
              95.34771918369341,
              17.146455826675087
            ],
            [
              95.34769182721615,
              17.146533456154152
            ],
            [
              95.34724206367038,
              17.147809705653447
            ],
            [
              95.3411345005568,
              17.147775252625873
            ],
            [
              95.33569573986655,
              17.147246998050544
            ],
            [
              95.3329668361506,
              17.144937926644054
            ],
            [
              95.32813877718286,
              17.14409826382388
            ],
            [
              95.3228280196974,
              17.144506289833483
            ],
            [
              95.32058001765375,
              17.146639868435223
            ],
            [
              95.31999024135662,
              17.147199623563843
            ],
            [
              95.32013201677923,
              17.147900843848902
            ],
            [
              95.32044757629468,
              17.149461595676158
            ],
            [
              95.31950584042227,
              17.149457448002863
            ],
            [
              95.31903424223657,
              17.150350176219725
            ],
            [
              95.31855522734189,
              17.15125694465234
            ],
            [
              95.3183059280762,
              17.15241846044364
            ],
            [
              95.3171024993809,
              17.158025386262654
            ],
            [
              95.31524895527515,
              17.16021137555458
            ],
            [
              95.31449425860318,
              17.161101430986324
            ],
            [
              95.31113560732247,
              17.161941093806476
            ],
            [
              95.30588771784397,
              17.15963202329932
            ],
            [
              95.30357864373946,
              17.157113033939428
            ],
            [
              95.2991704152825,
              17.15396430061202
            ],
            [
              95.296861343876,
              17.152914723435803
            ],
            [
              95.29623159631119,
              17.149346156000373
            ],
            [
              95.29321084010827,
              17.146589428159636
            ],
            [
              95.29273437569094,
              17.147489823096915
            ],
            [
              95.29206828562292,
              17.14906374369684
            ],
            [
              95.29178047378993,
              17.149743821819982
            ],
            [
              95.2888164459223,
              17.15053941426259
            ],
            [
              95.28848486768253,
              17.150628414769585
            ],
            [
              95.28848326059403,
              17.150951623918317
            ],
            [
              95.28848037287099,
              17.151532287385187
            ],
            [
              95.28753079131303,
              17.15199346782436
            ],
            [
              95.28573581465616,
              17.152075059716303
            ],
            [
              95.28216724812005,
              17.15375438265868
            ],
            [
              95.27949742086936,
              17.159158782052213
            ],
            [
              95.27513071590987,
              17.160210216328494
            ],
            [
              95.27230121492921,
              17.160891515730892
            ],
            [
              95.26793660988672,
              17.16186143006098
            ],
            [
              95.26663349044327,
              17.162151011759807
            ],
            [
              95.26114283977029,
              17.164014048209815
            ],
            [
              95.26154277637806,
              17.164795517699012
            ],
            [
              95.26106375968483,
              17.164757610375474
            ],
            [
              95.2594034403166,
              17.16492879003169
            ],
            [
              95.25768877941368,
              17.164031915940207
            ],
            [
              95.25604695010675,
              17.16281839055632
            ],
            [
              95.25340574917607,
              17.161533482384346
            ],
            [
              95.25097869840829,
              17.16081964371165
            ],
            [
              95.24862303222721,
              17.16074826002421
            ],
            [
              95.24576767933502,
              17.16046272437529
            ],
            [
              95.24503380376711,
              17.160095786591324
            ],
            [
              95.24405446723995,
              17.15960611832776
            ],
            [
              95.24226987055812,
              17.158392593843175
            ],
            [
              95.24012835633864,
              17.156465229786605
            ],
            [
              95.23982027738396,
              17.156185158418403
            ],
            [
              95.23777269015756,
              17.15432371556705
            ],
            [
              95.23548840766392,
              17.152753270846805
            ],
            [
              95.23277582214654,
              17.152039433073412
            ],
            [
              95.22927801426904,
              17.151396978088137
            ],
            [
              95.22692234808795,
              17.150897291376957
            ],
            [
              95.22385284323417,
              17.151254210713326
            ],
            [
              95.22099748944265,
              17.15196804758738
            ],
            [
              95.21849905588675,
              17.152182200448244
            ],
            [
              95.21658670511245,
              17.15154033272022
            ],
            [
              95.21658058162859,
              17.152441328404628
            ],
            [
              95.21562740907774,
              17.15424452486497
            ],
            [
              95.21514262413285,
              17.156499377044682
            ],
            [
              95.2123234824428,
              17.156480675642747
            ],
            [
              95.20996660937158,
              17.157369373098167
            ],
            [
              95.2097887045851,
              17.15866602371806
            ],
            [
              95.20947104605197,
              17.160981285158243
            ],
            [
              95.20796702705674,
              17.16336138501992
            ],
            [
              95.2098471767059,
              17.172135411919776
            ],
            [
              95.21015580334773,
              17.17450154800809
            ],
            [
              95.21078725063113,
              17.179342648044834
            ],
            [
              95.21486090700529,
              17.18059608084451
            ],
            [
              95.21591502755653,
              17.18255373406759
            ],
            [
              95.20913825642545,
              17.190914686163865
            ],
            [
              95.20942917002027,
              17.19578756104715
            ],
            [
              95.20875791964232,
              17.196210090423396
            ],
            [
              95.20734456040321,
              17.19665279968699
            ],
            [
              95.20690967973798,
              17.19727074005267
            ],
            [
              95.20639582960395,
              17.198003145229
            ],
            [
              95.20588837095166,
              17.20342022776135
            ],
            [
              95.20442898800746,
              17.204711233336813
            ],
            [
              95.20231709116088,
              17.20447657773195
            ],
            [
              95.2013089115771,
              17.20273517818594
            ],
            [
              95.20084624815588,
              17.201936031622605
            ],
            [
              95.19973588400393,
              17.200018128433953
            ],
            [
              95.19605562706562,
              17.19547496030123
            ],
            [
              95.19327720397985,
              17.192045080016513
            ],
            [
              95.1931511343175,
              17.19207439072062
            ],
            [
              95.1929269198415,
              17.192126519923015
            ],
            [
              95.19057733577546,
              17.192676241315542
            ],
            [
              95.18951176595529,
              17.19292554777585
            ],
            [
              95.18667336438432,
              17.19561575366413
            ],
            [
              95.18664224964017,
              17.19584243587975
            ],
            [
              95.18656087178688,
              17.196435307643352
            ],
            [
              95.18624588963615,
              17.19873011130561
            ],
            [
              95.1861776328915,
              17.199227395927608
            ],
            [
              95.18622342187348,
              17.19927218396419
            ],
            [
              95.18631092321061,
              17.199357267024293
            ],
            [
              95.18638394456343,
              17.19942827119781
            ],
            [
              95.18711186841807,
              17.200136075419596
            ],
            [
              95.18737012043479,
              17.201164024799947
            ],
            [
              95.1874360137611,
              17.201426311175403
            ],
            [
              95.18756691727947,
              17.201947358583773
            ],
            [
              95.18850119237618,
              17.202855801554048
            ],
            [
              95.18892821386606,
              17.202975905113984
            ],
            [
              95.18966803485199,
              17.203183986651695
            ],
            [
              95.19112186268387,
              17.203592890399644
            ],
            [
              95.19178536989898,
              17.203779506918742
            ],
            [
              95.19178116376975,
              17.204307696742895
            ],
            [
              95.1917780539141,
              17.20469830828034
            ],
            [
              95.19177632541717,
              17.204915418112073
            ],
            [
              95.19177457263845,
              17.205135457035745
            ],
            [
              95.18988586594001,
              17.206479387713603
            ],
            [
              95.18938668824512,
              17.21054043019676
            ],
            [
              95.18915196069452,
              17.21085365956879
            ],
            [
              95.18858445880579,
              17.21160793535795
            ],
            [
              95.18706450202518,
              17.213628130134175
            ],
            [
              95.17838225903408,
              17.22043313278288
            ],
            [
              95.17627036218755,
              17.220667788387793
            ],
            [
              95.17473364384269,
              17.218195675290257
            ],
            [
              95.17087329316803,
              17.211985545396644
            ],
            [
              95.16076110384193,
              17.20402746079873
            ],
            [
              95.1560613223722,
              17.203996685998337
            ],
            [
              95.15323513809119,
              17.20488131312215
            ],
            [
              95.15323420189698,
              17.205010855066977
            ],
            [
              95.15323145986405,
              17.205388024437806
            ],
            [
              95.14784709466772,
              17.205388024437816
            ],
            [
              95.14195532118117,
              17.201281635439162
            ],
            [
              95.13945577876126,
              17.197710863765398
            ],
            [
              95.14093324257516,
              17.19508575530341
            ],
            [
              95.14063814533421,
              17.19389187471028
            ],
            [
              95.14016993309602,
              17.191997628188066
            ],
            [
              95.13927724175136,
              17.188605394423462
            ],
            [
              95.13677769933145,
              17.187712703078837
            ],
            [
              95.13249277422221,
              17.18467754603199
            ],
            [
              95.13035031121797,
              17.18164238898509
            ],
            [
              95.13017177061079,
              17.177000383560888
            ],
            [
              95.1287434628406,
              17.172715459351018
            ],
            [
              95.12588684640087,
              17.17182276530843
            ],
            [
              95.12106630126885,
              17.17235838173401
            ],
            [
              95.11813202027655,
              17.16707667414927
            ],
            [
              95.11749552959509,
              17.165930990922558
            ],
            [
              95.11338914239506,
              17.163074371784884
            ],
            [
              95.10428367215383,
              17.158432369957957
            ],
            [
              95.10089143838923,
              17.155932826638665
            ],
            [
              95.09986927434763,
              17.149799833395665
            ],
            [
              95.09964167032687,
              17.148434208372066
            ],
            [
              95.09928459181054,
              17.14147120023574
            ],
            [
              95.09772023100392,
              17.13399703363625
            ],
            [
              95.09642999434881,
              17.13357382077527
            ],
            [
              95.09636906168292,
              17.133393289069094
            ],
            [
              95.0959716081033,
              17.132215688003672
            ],
            [
              95.09480149389391,
              17.132207909767267
            ],
            [
              95.0912724741454,
              17.132184451851003
            ],
            [
              95.09041518731114,
              17.132996044132188
            ],
            [
              95.08985322344758,
              17.13352805427632
            ],
            [
              95.08788383497108,
              17.133514935865648
            ],
            [
              95.08620613980158,
              17.133503760889884
            ],
            [
              95.0851566237792,
              17.133496769560328
            ],
            [
              95.0818730739832,
              17.132569984916927
            ],
            [
              95.08155373012062,
              17.132257602706268
            ],
            [
              95.08094163534827,
              17.131658853873027
            ],
            [
              95.08087826731827,
              17.131638047158216
            ],
            [
              95.0781300488627,
              17.13073569079956
            ],
            [
              95.07771398471266,
              17.130772785136006
            ],
            [
              95.07431302032967,
              17.1310759996577
            ],
            [
              95.0734273194153,
              17.131154964629957
            ],
            [
              95.07324061386328,
              17.13133181361235
            ],
            [
              95.07158793063854,
              17.13289778870204
            ],
            [
              95.07053987331653,
              17.135043810323634
            ],
            [
              95.06714764224995,
              17.1370077354187
            ],
            [
              95.06345106801245,
              17.13615467989462
            ],
            [
              95.06250563682575,
              17.13593650436621
            ],
            [
              95.05429286062706,
              17.1345081956967
            ],
            [
              95.0513438541356,
              17.13144904473768
            ],
            [
              95.04356943897847,
              17.131393285871468
            ],
            [
              95.0433575173356,
              17.131390690428077
            ],
            [
              95.03978031640855,
              17.128675958228936
            ],
            [
              95.03920533485838,
              17.128239605373555
            ],
            [
              95.03915529388178,
              17.128201628802177
            ],
            [
              95.0391148495707,
              17.1282399021498
            ],
            [
              95.03584091532603,
              17.131338084584968
            ],
            [
              95.03554813833595,
              17.131359441684932
            ],
            [
              95.03429653475735,
              17.133258424037077
            ],
            [
              95.03054722427504,
              17.134151118079668
            ],
            [
              95.02447691377859,
              17.133794041361963
            ],
            [
              95.0209061403062,
              17.130401807597362
            ],
            [
              95.01715682892456,
              17.127366650550538
            ],
            [
              95.01287190381537,
              17.127188110842663
            ],
            [
              95.00662305001379,
              17.125045647838423
            ],
            [
              95.00287373863222,
              17.12629541859873
            ],
            [
              94.99642313901671,
              17.12562820887478
            ],
            [
              94.99547336680251,
              17.126977432962246
            ],
            [
              94.99311634534313,
              17.12786273008101
            ],
            [
              94.99122146659745,
              17.13020649643271
            ],
            [
              94.9903432480425,
              17.13129276414981
            ],
            [
              94.99019749761645,
              17.131473038649858
            ],
            [
              94.98626965012431,
              17.13040180759737
            ],
            [
              94.98698380355974,
              17.13486527331377
            ],
            [
              94.98573403279943,
              17.1368291984088
            ],
            [
              94.9864481871342,
              17.14236389517765
            ],
            [
              94.98938247172373,
              17.145437904735555
            ],
            [
              94.99019749761648,
              17.14629174266985
            ],
            [
              94.99019749761646,
              17.14772005133932
            ],
            [
              94.99037603822364,
              17.1502195937593
            ],
            [
              94.99110404211793,
              17.151894003705358
            ],
            [
              94.9905070262783,
              17.152172612775917
            ],
            [
              94.98982739691688,
              17.1524897730846
            ],
            [
              94.98899843962634,
              17.152876620059992
            ],
            [
              94.98899843962637,
              17.15315887768007
            ],
            [
              94.98769795789451,
              17.15218351615641
            ],
            [
              94.98531376611747,
              17.150594057070126
            ],
            [
              94.98501987936402,
              17.15039813076919
            ],
            [
              94.98412718532144,
              17.15182643943865
            ],
            [
              94.98484134235412,
              17.15807529234093
            ],
            [
              94.98626965012431,
              17.15968213802028
            ],
            [
              94.98793402543497,
              17.164163146811802
            ],
            [
              94.98859065283642,
              17.165930990922554
            ],
            [
              94.99180434599383,
              17.167716377209103
            ],
            [
              94.991625806286,
              17.17217984202614
            ],
            [
              94.99037603822366,
              17.173608150695657
            ],
            [
              94.99091165195125,
              17.17807161641201
            ],
            [
              94.99189301465094,
              17.179482323550406
            ],
            [
              94.99034031175603,
              17.180517456715272
            ],
            [
              94.99002582423248,
              17.181067561219027
            ],
            [
              94.98609111041645,
              17.18199946660218
            ],
            [
              94.98430572502923,
              17.1836063149795
            ],
            [
              94.99001896060663,
              17.190390779810695
            ],
            [
              94.9895014169569,
              17.19573872336344
            ],
            [
              94.98948334418105,
              17.195925479277488
            ],
            [
              94.99001896060662,
              17.199674789759797
            ],
            [
              94.99091165195125,
              17.203245561433576
            ],
            [
              94.99055457523355,
              17.206994871915864
            ],
            [
              94.99358973228038,
              17.209494411637813
            ],
            [
              94.99376827198826,
              17.215029111104627
            ],
            [
              94.99823173680528,
              17.21645741887483
            ],
            [
              94.99844081029522,
              17.21865269006963
            ],
            [
              94.99894589114,
              17.223956040738763
            ],
            [
              95.00233812490461,
              17.226277040752883
            ],
            [
              95.00233812490461,
              17.22966927541678
            ],
            [
              95.00519474224365,
              17.231276122894823
            ],
            [
              95.01055090110327,
              17.23324004798985
            ],
            [
              95.0096582070607,
              17.238774744758683
            ],
            [
              95.01072943811312,
              17.2398459758112
            ],
            [
              95.01376459516,
              17.242881132858034
            ],
            [
              95.01505367708558,
              17.24734994774196
            ],
            [
              95.01644267458984,
              17.252165140109188
            ],
            [
              95.01528863935926,
              17.25314607113433
            ],
            [
              95.01287190381538,
              17.255200297156012
            ],
            [
              95.01251482709769,
              17.258949607638332
            ],
            [
              95.01483582621246,
              17.264484304407173
            ],
            [
              95.01501436592031,
              17.268412154597286
            ],
            [
              95.01894221431179,
              17.274482468691012
            ],
            [
              95.01840659968491,
              17.278053240364788
            ],
            [
              95.01706084338326,
              17.279291336126324
            ],
            [
              95.01394313486782,
              17.28215962756479
            ],
            [
              95.01019382438557,
              17.28394501295201
            ],
            [
              95.0087936770866,
              17.287444884773656
            ],
            [
              95.00828163458982,
              17.287672392566883
            ],
            [
              95.00019566010168,
              17.291265097806054
            ],
            [
              94.99952393937839,
              17.290969541011556
            ],
            [
              94.99573219528465,
              17.289301172711006
            ],
            [
              94.98984042089876,
              17.28805140105134
            ],
            [
              94.98341303008732,
              17.287515787323798
            ],
            [
              94.98019933603058,
              17.285551862228704
            ],
            [
              94.97912810497816,
              17.279660087842846
            ],
            [
              94.97987029657696,
              17.27722145470643
            ],
            [
              94.9803778739398,
              17.27555369974351
            ],
            [
              94.97805687392567,
              17.272340002988827
            ],
            [
              94.98180618530728,
              17.265555539056948
            ],
            [
              94.98019933603058,
              17.261449148259647
            ],
            [
              94.97466464016107,
              17.260734993025537
            ],
            [
              94.96591624663752,
              17.25966376197305
            ],
            [
              94.95948829824641,
              17.25952710908887
            ],
            [
              94.95540287963922,
              17.260694370648753
            ],
            [
              94.95142839960101,
              17.261829939200375
            ],
            [
              94.94552414532312,
              17.265110079666503
            ],
            [
              94.94418273184765,
              17.2658553091752
            ],
            [
              94.94204824313199,
              17.26468298263357
            ],
            [
              94.93962048010115,
              17.2712225413872
            ],
            [
              94.93547963088032,
              17.273043038105758
            ],
            [
              94.93577820310169,
              17.276327344231618
            ],
            [
              94.9408539488507,
              17.283194529603914
            ],
            [
              94.94314282598073,
              17.284774943309056
            ],
            [
              94.94310929925484,
              17.285445442753023
            ],
            [
              94.93988900327491,
              17.28839738103438
            ],
            [
              94.9371580688898,
              17.288670474562807
            ],
            [
              94.93452179984128,
              17.288934117115854
            ],
            [
              94.92808125014965,
              17.291617677014237
            ],
            [
              94.92532813578492,
              17.29304745067936
            ],
            [
              94.9189164075662,
              17.29025974299281
            ],
            [
              94.91846094861393,
              17.29006171677487
            ],
            [
              94.9163709367694,
              17.28618026440774
            ],
            [
              94.9163709367694,
              17.279313077236793
            ],
            [
              94.91861890643742,
              17.270478579023226
            ],
            [
              94.91484715697078,
              17.270809608676537
            ],
            [
              94.91391487387237,
              17.270891590874268
            ],
            [
              94.9134921610345,
              17.273203675908974
            ],
            [
              94.91341986363584,
              17.273599113208547
            ],
            [
              94.91248084101807,
              17.273591550809485
            ],
            [
              94.9124693431857,
              17.274946008951183
            ],
            [
              94.91153161019571,
              17.27448780616737
            ],
            [
              94.91144003672837,
              17.274487069622644
            ],
            [
              94.91038330094864,
              17.276022364340694
            ],
            [
              94.9070356996379,
              17.27722749904989
            ],
            [
              94.90502714118969,
              17.274683324176117
            ],
            [
              94.90328638915558,
              17.273210380354833
            ],
            [
              94.90020659875556,
              17.273344284011547
            ],
            [
              94.8952521526648,
              17.274817227832845
            ],
            [
              94.89337749607468,
              17.273478187668278
            ],
            [
              94.89284188144775,
              17.270398396368925
            ],
            [
              94.88962818469304,
              17.27053230002565
            ],
            [
              94.88574496965468,
              17.2712018210073
            ],
            [
              94.8819956591724,
              17.269728877185962
            ],
            [
              94.8801616798177,
              17.270187373148815
            ],
            [
              94.87820671017158,
              17.270548387997742
            ],
            [
              94.87800096777049,
              17.27241183903522
            ],
            [
              94.87822578659087,
              17.275258058412703
            ],
            [
              94.87717511583901,
              17.275888458885337
            ],
            [
              94.87486008282661,
              17.27464480531358
            ],
            [
              94.8716752057462,
              17.274567775682343
            ],
            [
              94.87156375816096,
              17.274919266710867
            ],
            [
              94.87047274202348,
              17.27836016009336
            ],
            [
              94.8696566783131,
              17.27821561026224
            ],
            [
              94.86896795410784,
              17.278283729410646
            ],
            [
              94.86783200064642,
              17.278396080814503
            ],
            [
              94.86673060903047,
              17.280709002218714
            ],
            [
              94.86445424236945,
              17.280709002218707
            ],
            [
              94.86167119496977,
              17.279958454119427
            ],
            [
              94.86097273740202,
              17.28191413692792
            ],
            [
              94.85561658124026,
              17.281914136927913
            ],
            [
              94.85280459725445,
              17.280842905875435
            ],
            [
              94.85414281004275,
              17.278089438976465
            ],
            [
              94.85240288358625,
              17.277093595393186
            ],
            [
              94.85132280410419,
              17.278066400144326
            ],
            [
              94.85123457071892,
              17.27803742039067
            ],
            [
              94.84991603959361,
              17.27760435275873
            ],
            [
              94.84990713180873,
              17.278561718848326
            ],
            [
              94.84990158119308,
              17.279137247186274
            ],
            [
              94.848653573104,
              17.278700442871195
            ],
            [
              94.84830534571518,
              17.278700442871177
            ],
            [
              94.84718062928266,
              17.27870044287117
            ],
            [
              94.84543987904726,
              17.27789701823287
            ],
            [
              94.84511555563843,
              17.28133483773263
            ],
            [
              94.84467424122329,
              17.28236835211781
            ],
            [
              94.84422120774258,
              17.28342930661727
            ],
            [
              94.8441148997829,
              17.28342843877146
            ],
            [
              94.84140158131801,
              17.28340628487217
            ],
            [
              94.84061933661313,
              17.284324408144975
            ],
            [
              94.83861077636631,
              17.285797351966266
            ],
            [
              94.83622929694457,
              17.28336153011059
            ],
            [
              94.83574420892813,
              17.285165275157386
            ],
            [
              94.83569111924982,
              17.285164840784837
            ],
            [
              94.83198300760976,
              17.28513452014203
            ],
            [
              94.82923749971094,
              17.28660077480596
            ],
            [
              94.8288357869421,
              17.29008227977347
            ],
            [
              94.82820796302711,
              17.29322140114679
            ],
            [
              94.82718327368916,
              17.296813138715436
            ],
            [
              94.8271762050179,
              17.296837918635102
            ],
            [
              94.82666404830724,
              17.296833377058753
            ],
            [
              94.82341493085444,
              17.296804561881057
            ],
            [
              94.82324634394365,
              17.297577668574604
            ],
            [
              94.82292196477692,
              17.2990594158594
            ],
            [
              94.82234739421693,
              17.299253403222057
            ],
            [
              94.81903847994198,
              17.300370565349336
            ],
            [
              94.81707455844418,
              17.304655493156538
            ],
            [
              94.81813796899212,
              17.306649392655412
            ],
            [
              94.81657502641639,
              17.306675812938458
            ],
            [
              94.81627073540619,
              17.306680957060554
            ],
            [
              94.81626020974096,
              17.306715219431904
            ],
            [
              94.81613753501927,
              17.307114552594552
            ],
            [
              94.81595052279847,
              17.307723318076732
            ],
            [
              94.81478970937762,
              17.308293217557992
            ],
            [
              94.81410635232633,
              17.308293217557996
            ],
            [
              94.81316902493063,
              17.30949835406585
            ],
            [
              94.8137816260213,
              17.31134941604277
            ],
            [
              94.81387491899238,
              17.31163131393402
            ],
            [
              94.81574735425706,
              17.312550356313903
            ],
            [
              94.81261109002986,
              17.31286827025451
            ],
            [
              94.8124402674045,
              17.31432859838616
            ],
            [
              94.81249804614801,
              17.314744730884684
            ],
            [
              94.81253836905056,
              17.315035141758422
            ],
            [
              94.81259156574822,
              17.315418277231743
            ],
            [
              94.80992987556336,
              17.31566024792217
            ],
            [
              94.8092188589632,
              17.315724885794896
            ],
            [
              94.80868324163833,
              17.318402966124026
            ],
            [
              94.81012856368234,
              17.319727847362294
            ],
            [
              94.81003791561737,
              17.31972701908671
            ],
            [
              94.8099263816972,
              17.319937278782465
            ],
            [
              94.80981222265603,
              17.320152487447398
            ],
            [
              94.80964472932085,
              17.320468239417764
            ],
            [
              94.80956053479093,
              17.32062695806769
            ],
            [
              94.80848168558138,
              17.320961670444756
            ],
            [
              94.80814544165887,
              17.32106598910419
            ],
            [
              94.80814187494764,
              17.321476731965667
            ],
            [
              94.80813445913806,
              17.32233081721346
            ],
            [
              94.80618370191638,
              17.322330817213455
            ],
            [
              94.80457685443831,
              17.32465181902626
            ],
            [
              94.8037541681204,
              17.32641471416776
            ],
            [
              94.8033270818794,
              17.327329895758105
            ],
            [
              94.8023405192996,
              17.328131478584908
            ],
            [
              94.800470466339,
              17.32965089936954
            ],
            [
              94.79924100496845,
              17.332827007160702
            ],
            [
              94.79798644082169,
              17.3342828881448
            ],
            [
              94.78982206163892,
              17.328881836927284
            ],
            [
              94.78726623604803,
              17.32918252165609
            ],
            [
              94.7869067608384,
              17.329690245608372
            ],
            [
              94.78648657509542,
              17.330283716320473
            ],
            [
              94.78647047723081,
              17.330306453879807
            ],
            [
              94.78642818841024,
              17.33036618235348
            ],
            [
              94.78433673315381,
              17.33034889828309
            ],
            [
              94.78236753713219,
              17.331912672731725
            ],
            [
              94.7812808647202,
              17.332775618999683
            ],
            [
              94.76383307903342,
              17.332883054709278
            ],
            [
              94.76342480211298,
              17.333267206416508
            ],
            [
              94.76288351995856,
              17.333776502383724
            ],
            [
              94.76165024096595,
              17.33572884870745
            ],
            [
              94.76114206105733,
              17.33653332465325
            ],
            [
              94.76041596642374,
              17.338488195373944
            ],
            [
              94.7593255222551,
              17.341424007911716
            ],
            [
              94.75824695363406,
              17.34141480155188
            ],
            [
              94.75763836891565,
              17.341409447887767
            ],
            [
              94.75451268970892,
              17.342579127724598
            ],
            [
              94.75369853076262,
              17.342883800047378
            ],
            [
              94.75291931137718,
              17.343175396227593
            ],
            [
              94.75243625223129,
              17.34344806977266
            ],
            [
              94.75217270770436,
              17.34359683292757
            ],
            [
              94.74824652755524,
              17.343902202224903
            ],
            [
              94.7470742046109,
              17.345409473168726
            ],
            [
              94.74606935971326,
              17.34775411366143
            ],
            [
              94.74684837585193,
              17.350091162077497
            ],
            [
              94.74740915620764,
              17.35177350224541
            ],
            [
              94.74724050094841,
              17.35278543380077
            ],
            [
              94.74686570668709,
              17.355034197570202
            ],
            [
              94.74612780395506,
              17.35512929458133
            ],
            [
              94.74480916401178,
              17.35529860274835
            ],
            [
              94.74480811180497,
              17.355389176169577
            ],
            [
              94.74479866892347,
              17.35620239802228
            ],
            [
              94.74472477702686,
              17.356201781087336
            ],
            [
              94.74385953478976,
              17.35619455773268
            ],
            [
              94.74356897193059,
              17.35726692372958
            ],
            [
              94.74143005315449,
              17.35760112978835
            ],
            [
              94.7412125997817,
              17.357635107074604
            ],
            [
              94.73900807995899,
              17.361624240666234
            ],
            [
              94.73895554426304,
              17.36163882856914
            ],
            [
              94.73875064003003,
              17.361679680273095
            ],
            [
              94.73600033874472,
              17.3622280104144
            ],
            [
              94.73489406291071,
              17.362448569146196
            ],
            [
              94.73216598027585,
              17.36238674165486
            ],
            [
              94.732220784062,
              17.36247745177302
            ],
            [
              94.7328323949991,
              17.36348977363417
            ],
            [
              94.73285521889328,
              17.364833019927964
            ],
            [
              94.73309316511752,
              17.36596326359381
            ],
            [
              94.73410443567123,
              17.367331454383184
            ],
            [
              94.73523468023639,
              17.369472968602675
            ],
            [
              94.73571057178555,
              17.371138592172308
            ],
            [
              94.73618646513329,
              17.37405343162061
            ],
            [
              94.73624595079009,
              17.376075972728017
            ],
            [
              94.73684081635066,
              17.37774159629767
            ],
            [
              94.73773311379223,
              17.37863389373928
            ],
            [
              94.73927976424977,
              17.37982362396111
            ],
            [
              94.74148076502534,
              17.380656435745937
            ],
            [
              94.74332484826319,
              17.381489246631478
            ],
            [
              94.74475252381,
              17.381667707198982
            ],
            [
              94.7461207137,
              17.381727192855692
            ],
            [
              94.74813058875571,
              17.380938466736904
            ],
            [
              94.75079635466808,
              17.380822998282778
            ],
            [
              94.75229541570094,
              17.380822998282785
            ],
            [
              94.75393724410863,
              17.381750988017746
            ],
            [
              94.75600737464067,
              17.38303589708903
            ],
            [
              94.75764920304835,
              17.383963886823945
            ],
            [
              94.75814888975954,
              17.38496326024631
            ],
            [
              94.75843442540845,
              17.386176784730882
            ],
            [
              94.75843442540844,
              17.38788999682594
            ],
            [
              94.75864857737004,
              17.389032139421765
            ],
            [
              94.75950518341757,
              17.390102895632204
            ],
            [
              94.75957656620561,
              17.390816734304916
            ],
            [
              94.76014763660419,
              17.392030258789482
            ],
            [
              94.76127788116936,
              17.393041530242503
            ],
            [
              94.76151582739357,
              17.39456438463867
            ],
            [
              94.76146823796887,
              17.39642036500789
            ],
            [
              94.76061163192134,
              17.397752862604598
            ],
            [
              94.75975502587382,
              17.399228129374713
            ],
            [
              94.75975502587382,
              17.400513038446036
            ],
            [
              94.76000075662967,
              17.401210639859187
            ],
            [
              94.75987505658867,
              17.401914559009757
            ],
            [
              94.75908877662579,
              17.40294008831449
            ],
            [
              94.75842252827708,
              17.403844282887395
            ],
            [
              94.75794663582866,
              17.40446294271067
            ],
            [
              94.75808940320343,
              17.405129191958686
            ],
            [
              94.7583273494277,
              17.405747851781992
            ],
            [
              94.75894600925095,
              17.40617615480573
            ],
            [
              94.75970743734842,
              17.406318923079873
            ],
            [
              94.76123029174467,
              17.40641410103
            ],
            [
              94.76227725459171,
              17.406699636678923
            ],
            [
              94.76303868178981,
              17.40708035027796
            ],
            [
              94.7638001098872,
              17.40788936690081
            ],
            [
              94.76408564463686,
              17.409031507697986
            ],
            [
              94.76422841291098,
              17.410506773568777
            ],
            [
              94.76422841291098,
              17.41179168264012
            ],
            [
              94.76467085957256,
              17.412366443856335
            ],
            [
              94.7645024840025,
              17.4130118827922
            ],
            [
              94.76415949606393,
              17.41432666644254
            ],
            [
              94.76308627121449,
              17.415027750030667
            ],
            [
              94.76299109326443,
              17.4171216757248
            ],
            [
              94.76308627121449,
              17.419548725593252
            ],
            [
              94.76356216366297,
              17.42059568933962
            ],
            [
              94.764228412911,
              17.421166758838915
            ],
            [
              94.76557763699837,
              17.421400414397684
            ],
            [
              94.76619399905387,
              17.422093822272128
            ],
            [
              94.76694099842837,
              17.424034009761765
            ],
            [
              94.76771432275785,
              17.425342713995114
            ],
            [
              94.76860662109874,
              17.426116038324555
            ],
            [
              94.77086710932969,
              17.426889362654027
            ],
            [
              94.77235427233188,
              17.42748422821461
            ],
            [
              94.7740198950022,
              17.4284954987683
            ],
            [
              94.7745552731074,
              17.42926882399704
            ],
            [
              94.77532859833623,
              17.429982661770445
            ],
            [
              94.77663730167019,
              17.430696501342528
            ],
            [
              94.77812446467237,
              17.43129136600378
            ],
            [
              94.77848138400871,
              17.43218366434469
            ],
            [
              94.77865984367689,
              17.433254420555098
            ],
            [
              94.77830292434055,
              17.434682097900524
            ],
            [
              94.77806497811635,
              17.43605028779057
            ],
            [
              94.77842189835201,
              17.437240018911776
            ],
            [
              94.77931419489427,
              17.438429749133665
            ],
            [
              94.7806823847843,
              17.43950050714274
            ],
            [
              94.78234800835396,
              17.44045229114038
            ],
            [
              94.78383517135615,
              17.441760993575027
            ],
            [
              94.78472746879773,
              17.44259380625919
            ],
            [
              94.78579822680678,
              17.443724049925027
            ],
            [
              94.78686898391652,
              17.444735321378012
            ],
            [
              94.7877612822574,
              17.445389672595358
            ],
            [
              94.78871306625507,
              17.44580607758848
            ],
            [
              94.789664851152,
              17.44687683559754
            ],
            [
              94.789986078195,
              17.44794759270729
            ],
            [
              94.79009315417579,
              17.449303886365335
            ],
            [
              94.79001009728825,
              17.450583749340634
            ],
            [
              94.78964283934562,
              17.451287366318905
            ],
            [
              94.78898670387332,
              17.4518737036086
            ],
            [
              94.78798811016321,
              17.4528168756983
            ],
            [
              94.78693729731849,
              17.453936051407716
            ],
            [
              94.78549682801629,
              17.45497889985637
            ],
            [
              94.78490196335497,
              17.456466062858567
            ],
            [
              94.78460452967539,
              17.45759630742367
            ],
            [
              94.78478299024287,
              17.45967833598644
            ],
            [
              94.78496144991107,
              17.46176036364988
            ],
            [
              94.78519939613528,
              17.463723419999884
            ],
            [
              94.78531836924742,
              17.465924420775412
            ],
            [
              94.78609169357686,
              17.466578772892092
            ],
            [
              94.7869839910184,
              17.466757231660942
            ],
            [
              94.78997086616262,
              17.466616938321135
            ],
            [
              94.7909365114109,
              17.467081089220926
            ],
            [
              94.79124322699339,
              17.46789937425677
            ],
            [
              94.79220690812234,
              17.468506136049378
            ],
            [
              94.79324197383806,
              17.46868459571755
            ],
            [
              94.79416996357304,
              17.4694698180777
            ],
            [
              94.7950622610146,
              17.46971966143326
            ],
            [
              94.79599025074953,
              17.46975535282734
            ],
            [
              94.79749620868311,
              17.46913600502267
            ],
            [
              94.79884560364178,
              17.469791045120694
            ],
            [
              94.7998449779634,
              17.471004569605274
            ],
            [
              94.80045174065539,
              17.472360863263305
            ],
            [
              94.80096493878096,
              17.473574387747878
            ],
            [
              94.80096493878095,
              17.47484620089154
            ],
            [
              94.801266324981,
              17.475087310031373
            ],
            [
              94.80162957374593,
              17.47598954138426
            ],
            [
              94.8026646385623,
              17.476953223412572
            ],
            [
              94.80359262919656,
              17.477667061185972
            ],
            [
              94.80520549403839,
              17.478238644198143
            ],
            [
              94.80641309378933,
              17.479204723819002
            ],
            [
              94.80623074275462,
              17.48048118196103
            ],
            [
              94.80494892195527,
              17.48230700986068
            ],
            [
              94.80434215926329,
              17.484162990229898
            ],
            [
              94.80359262919654,
              17.485840510031547
            ],
            [
              94.80334278584093,
              17.487196801890956
            ],
            [
              94.80373539657137,
              17.48851740325564
            ],
            [
              94.80423383232558,
              17.489556218244907
            ],
            [
              94.80786593596423,
              17.493369928279602
            ],
            [
              94.80986359103196,
              17.496275609032182
            ],
            [
              94.80791632857574,
              17.499467821882543
            ],
            [
              94.80586827819855,
              17.499907711771524
            ],
            [
              94.80405222592952,
              17.503176606215433
            ],
            [
              94.8035074103388,
              17.50753512914292
            ],
            [
              94.80441393595441,
              17.513861945172657
            ],
            [
              94.8035212446098,
              17.514988907212345
            ],
            [
              94.80216495275045,
              17.51666642701406
            ],
            [
              94.8007372763043,
              17.51859379017133
            ],
            [
              94.79905975560331,
              17.52037838595379
            ],
            [
              94.79829580490754,
              17.521516721719358
            ],
            [
              94.79691824138375,
              17.522198674029653
            ],
            [
              94.79499087822649,
              17.523947578418074
            ],
            [
              94.79401588722347,
              17.525995332019033
            ],
            [
              94.79389995022258,
              17.526577658332307
            ],
            [
              94.79274228712688,
              17.527374000809516
            ],
            [
              94.7919570647668,
              17.52765953735781
            ],
            [
              94.79163583772379,
              17.529051520611233
            ],
            [
              94.79166681936829,
              17.529925849598328
            ],
            [
              94.79144925358025,
              17.531846662993132
            ],
            [
              94.79043901994488,
              17.533412600311284
            ],
            [
              94.78887566278168,
              17.53427681822063
            ],
            [
              94.78898987668151,
              17.536104244215547
            ],
            [
              94.78847591323286,
              17.538217204960052
            ],
            [
              94.78790484283428,
              17.540330166603955
            ],
            [
              94.78744798633556,
              17.542043378699017
            ],
            [
              94.78744798633555,
              17.543413948195223
            ],
            [
              94.78681980898706,
              17.54484162464132
            ],
            [
              94.78681980898706,
              17.546497729786438
            ],
            [
              94.78716245068658,
              17.548153834032288
            ],
            [
              94.78761930718531,
              17.549981260027135
            ],
            [
              94.7880761636841,
              17.551351830422668
            ],
            [
              94.78814503736363,
              17.5528887376252
            ],
            [
              94.7873766017488,
              17.55357900596642
            ],
            [
              94.78651999570134,
              17.5539002330094
            ],
            [
              94.78412863812622,
              17.55443561111463
            ],
            [
              94.78205179055777,
              17.55586722209465
            ],
            [
              94.78053839702945,
              17.557496708206546
            ],
            [
              94.779422999372,
              17.55812380367063
            ],
            [
              94.77871834007937,
              17.558519974817035
            ],
            [
              94.77868636018741,
              17.55853795406336
            ],
            [
              94.77828139457074,
              17.55876563272785
            ],
            [
              94.77816972755097,
              17.558828414399848
            ],
            [
              94.7769188713089,
              17.55953955510643
            ],
            [
              94.77563396223763,
              17.560039241817588
            ],
            [
              94.77495581585826,
              17.56082446417776
            ],
            [
              94.77495581585828,
              17.561823837600063
            ],
            [
              94.77499150815164,
              17.56303736298393
            ],
            [
              94.77467028110861,
              17.5638225853441
            ],
            [
              94.7743490531663,
              17.5645364231175
            ],
            [
              94.77406351841671,
              17.565285954083542
            ],
            [
              94.77390058464432,
              17.56656032220116
            ],
            [
              94.77409920981073,
              17.56746315969713
            ],
            [
              94.77442043685373,
              17.567998538701655
            ],
            [
              94.77470616765555,
              17.56851770562765
            ],
            [
              94.7760146758367,
              17.569640367109297
            ],
            [
              94.77682369245952,
              17.570306616357307
            ],
            [
              94.7783991131286,
              17.57162694342873
            ],
            [
              94.77879714317369,
              17.572373249425986
            ],
            [
              94.77916448205525,
              17.573062009604087
            ],
            [
              94.77982975374022,
              17.574309394463064
            ],
            [
              94.77920315380254,
              17.575731787392105
            ],
            [
              94.77863208250466,
              17.576969107038735
            ],
            [
              94.77848931602915,
              17.578254016110023
            ],
            [
              94.77867967192935,
              17.57944374723121
            ],
            [
              94.77958386740166,
              17.580300353278748
            ],
            [
              94.78077359762345,
              17.580823834252612
            ],
            [
              94.78267716651806,
              17.580871424576635
            ],
            [
              94.78348618404021,
              17.581204549650288
            ],
            [
              94.784913859587,
              17.582727403147207
            ],
            [
              94.78619876865834,
              17.583821955418966
            ],
            [
              94.7872457315054,
              17.58434543639283
            ],
            [
              94.78772162395381,
              17.584916508590016
            ],
            [
              94.78795957017809,
              17.585773114637565
            ],
            [
              94.78776921337857,
              17.586724898635214
            ],
            [
              94.78710296413055,
              17.588342930981508
            ],
            [
              94.7868174284816,
              17.590008555450545
            ],
            [
              94.78634153693248,
              17.59162658869615
            ],
            [
              94.78615118013289,
              17.5928163171194
            ],
            [
              94.7865205586769,
              17.594631370241576
            ],
            [
              94.78667466110674,
              17.59643309810906
            ],
            [
              94.78653189373198,
              17.59781318602977
            ],
            [
              94.78579137846941,
              17.59954264527693
            ],
            [
              94.7853897529348,
              17.60057336007252
            ],
            [
              94.78529457408541,
              17.60138237849401
            ],
            [
              94.78439037861311,
              17.60247692896711
            ],
            [
              94.78367654083974,
              17.603523893612866
            ],
            [
              94.78367654083975,
              17.60442808728647
            ],
            [
              94.78429519976373,
              17.60552264045755
            ],
            [
              94.78453314688726,
              17.606807549528813
            ],
            [
              94.78448555656325,
              17.608187637449525
            ],
            [
              94.78453314688727,
              17.61004361512079
            ],
            [
              94.7851993961353,
              17.61118575591797
            ],
            [
              94.78657948315669,
              17.611852006065305
            ],
            [
              94.78743608920422,
              17.613199970202505
            ],
            [
              94.78843546262658,
              17.614342110999694
            ],
            [
              94.78929206867413,
              17.615698405556994
            ],
            [
              94.78943483604888,
              17.616769163566122
            ],
            [
              94.78970445639561,
              17.617936140040847
            ],
            [
              94.78801070652895,
              17.6211127649422
            ],
            [
              94.78722309377082,
              17.62258993018117
            ],
            [
              94.78565149252245,
              17.62312232343652
            ],
            [
              94.78508042302313,
              17.62476415094488
            ],
            [
              94.78472350278749,
              17.625906293540645
            ],
            [
              94.78436658345113,
              17.627191202611968
            ],
            [
              94.78365274567771,
              17.628404726197243
            ],
            [
              94.78415243238891,
              17.6290471811825
            ],
            [
              94.784937654749,
              17.629475483306972
            ],
            [
              94.78643671488254,
              17.629546866994357
            ],
            [
              94.78907791671253,
              17.629761018955882
            ],
            [
              94.79107666355725,
              17.6302607074657
            ],
            [
              94.79164773485513,
              17.63126007908944
            ],
            [
              94.79229018894114,
              17.632330837098493
            ],
            [
              94.79229018894114,
              17.63340159420824
            ],
            [
              94.79171911854257,
              17.634472352217358
            ],
            [
              94.79071974512023,
              17.636256947100488
            ],
            [
              94.78993452276006,
              17.637756008133294
            ],
            [
              94.78907791671253,
              17.63939783744031
            ],
            [
              94.78857823000135,
              17.64118243232342
            ],
            [
              94.7886496136888,
              17.642752876144357
            ],
            [
              94.7897917544859,
              17.645608229036608
            ],
            [
              94.79007729103421,
              17.647107290069417
            ],
            [
              94.7906016137735,
              17.648813834590847
            ],
            [
              94.79079112880761,
              17.650105410336483
            ],
            [
              94.78955268770642,
              17.650159773454845
            ],
            [
              94.7879357759154,
              17.651104785557436
            ],
            [
              94.78672225053151,
              17.651961391604967
            ],
            [
              94.78600841185882,
              17.654031521237748
            ],
            [
              94.78643671488254,
              17.656030268082485
            ],
            [
              94.78743608920422,
              17.658385935162805
            ],
            [
              94.78772162395381,
              17.659742227022203
            ],
            [
              94.78850684541464,
              17.66152682460329
            ],
            [
              94.79022005750971,
              17.662740348188557
            ],
            [
              94.79200465419149,
              17.663525571448012
            ],
            [
              94.79350371432501,
              17.665096015268936
            ],
            [
              94.79436031947324,
              17.66630954155215
            ],
            [
              94.79571661313126,
              17.668308287497485
            ],
            [
              94.7965470435113,
              17.670279887406938
            ],
            [
              94.79576247226034,
              17.67171766413895
            ],
            [
              94.79593076509282,
              17.67380484221974
            ],
            [
              94.79607353156831,
              17.675018366704315
            ],
            [
              94.79671598655358,
              17.676374660362345
            ],
            [
              94.79728705785153,
              17.67723126640987
            ],
            [
              94.79800089562491,
              17.678016487870657
            ],
            [
              94.79864334971087,
              17.678087871558088
            ],
            [
              94.79978549230668,
              17.67758818484692
            ],
            [
              94.80122551374654,
              17.677048177031775
            ],
            [
              94.80298348689851,
              17.676574534687056
            ],
            [
              94.80701779793311,
              17.676389956031702
            ],
            [
              94.80928667863736,
              17.676453181968842
            ],
            [
              94.81055407521046,
              17.67688926143034
            ],
            [
              94.81202112127778,
              17.677492460109022
            ],
            [
              94.81396231960542,
              17.677559631371928
            ],
            [
              94.81467615917745,
              17.677773783333457
            ],
            [
              94.81561725113528,
              17.67855014737149
            ],
            [
              94.81653213774803,
              17.679415610841826
            ],
            [
              94.8178170468193,
              17.680450676557545
            ],
            [
              94.81892349622245,
              17.681664201941416
            ],
            [
              94.81970871858255,
              17.682485115695542
            ],
            [
              94.82027978898111,
              17.682592191676346
            ],
            [
              94.82131485469682,
              17.682199580046632
            ],
            [
              94.8225283800807,
              17.682378039714827
            ],
            [
              94.82370621317125,
              17.682449424301524
            ],
            [
              94.82452712692543,
              17.682342348320788
            ],
            [
              94.82549262108768,
              17.681836635252573
            ],
            [
              94.82655580860374,
              17.681965506303122
            ],
            [
              94.83276060461827,
              17.682851905990727
            ],
            [
              94.83393263258502,
              17.683647212448918
            ],
            [
              94.8377244423292,
              17.686220223184815
            ],
            [
              94.84038341206485,
              17.690829104779425
            ],
            [
              94.83985203144616,
              17.696854379026444
            ],
            [
              94.84089304437857,
              17.698371553304586
            ],
            [
              94.8418018785539,
              17.699693492860426
            ],
            [
              94.84198891595575,
              17.70133007822055
            ],
            [
              94.84251099578586,
              17.705898287076366
            ],
            [
              94.84375195768678,
              17.70908932631141
            ],
            [
              94.84617940775354,
              17.710105467593266
            ],
            [
              94.85137498996384,
              17.712280362848507
            ],
            [
              94.8568833249056,
              17.715900125090744
            ],
            [
              94.85757978597839,
              17.716357799972524
            ],
            [
              94.85805583221094,
              17.716349067555488
            ],
            [
              94.85923464466316,
              17.716795110605922
            ],
            [
              94.86073370569603,
              17.716795110605915
            ],
            [
              94.86191153878657,
              17.717187722235632
            ],
            [
              94.86344629121346,
              17.718008635989822
            ],
            [
              94.86487396765953,
              17.718436939013593
            ],
            [
              94.86672994802876,
              17.71861539778245
            ],
            [
              94.8678007051385,
              17.719579079810735
            ],
            [
              94.86844315922447,
              17.721078140843584
            ],
            [
              94.86897853822897,
              17.722398741308897
            ],
            [
              94.86965668460836,
              17.723183963669047
            ],
            [
              94.87031638409388,
              17.724651582604512
            ],
            [
              94.87015820413785,
              17.725293223703382
            ],
            [
              94.86997242758555,
              17.726046805215947
            ],
            [
              94.87056439642981,
              17.731377500671165
            ],
            [
              94.8710391719203,
              17.73297447539175
            ],
            [
              94.87215987827581,
              17.733917712232714
            ],
            [
              94.87313069822319,
              17.73523117477896
            ],
            [
              94.8730735912733,
              17.736201994726343
            ],
            [
              94.87236719898709,
              17.737441473645166
            ],
            [
              94.87198855562741,
              17.73854338416987
            ],
            [
              94.87153170002802,
              17.73979973976623
            ],
            [
              94.87198855562741,
              17.740770559713614
            ],
            [
              94.87355525557064,
              17.741437665116216
            ],
            [
              94.87478680336837,
              17.742769306558266
            ],
            [
              94.87478680336837,
              17.74339748480611
            ],
            [
              94.87382148007731,
              17.74482516125225
            ],
            [
              94.87382148007732,
              17.746179450321446
            ],
            [
              94.87648533672899,
              17.75032620359148
            ],
            [
              94.87204578218719,
              17.75624858190656
            ],
            [
              94.87441367824867,
              17.76098734808768
            ],
            [
              94.87732360020402,
              17.765837219212354
            ],
            [
              94.87885515374239,
              17.768389809042503
            ],
            [
              94.88130300762776,
              17.767902539270832
            ],
            [
              94.88319904559955,
              17.767026431424696
            ],
            [
              94.88556802084753,
              17.765691193593746
            ],
            [
              94.88651042941284,
              17.76569886930742
            ],
            [
              94.88793698620299,
              17.76435594587025
            ],
            [
              94.88842113532719,
              17.763005346719407
            ],
            [
              94.88936742896374,
              17.7625598441615
            ],
            [
              94.88937520809941,
              17.76165635915366
            ],
            [
              94.89050399306491,
              17.761665773256876
            ],
            [
              94.89455968278321,
              17.761700739797327
            ],
            [
              94.89504381392095,
              17.76034759196785
            ],
            [
              94.89647033833552,
              17.759004646047636
            ],
            [
              94.89695191719728,
              17.757654038802904
            ],
            [
              94.8988470153775,
              17.756765542795623
            ],
            [
              94.89980105127756,
              17.75541876036755
            ],
            [
              94.9012197902612,
              17.754979604325325
            ],
            [
              94.90265016287475,
              17.75318346484505
            ],
            [
              94.90406635138108,
              17.752744300708972
            ],
            [
              94.90549283262816,
              17.7514013278091
            ],
            [
              94.90796048328974,
              17.751814854971656
            ],
            [
              94.90831865268375,
              17.751874876624303
            ],
            [
              94.91019180920466,
              17.75324458636862
            ],
            [
              94.9105360525968,
              17.754266718034668
            ],
            [
              94.91065011271257,
              17.754605384730766
            ],
            [
              94.914418351226,
              17.75508654181051
            ],
            [
              94.914899883323,
              17.753735914780677
            ],
            [
              94.91812738287247,
              17.753417511608912
            ],
            [
              94.9191457769561,
              17.75331704384655
            ],
            [
              94.91972358507546,
              17.7489327589397
            ],
            [
              94.92015639909857,
              17.745648653362704
            ],
            [
              94.92115419331145,
              17.745338370169698
            ],
            [
              94.92440994866023,
              17.744325932295972
            ],
            [
              94.92820513356014,
              17.741647474251586
            ],
            [
              94.92962381768508,
              17.74120824536431
            ],
            [
              94.93104381122299,
              17.740315836406754
            ],
            [
              94.93148540982385,
              17.73908355925891
            ],
            [
              94.93152782814678,
              17.738965191390545
            ],
            [
              94.9318383919283,
              17.738868606900706
            ],
            [
              94.93559247241473,
              17.737701106121214
            ],
            [
              94.93568660715124,
              17.737671831389942
            ],
            [
              94.93578130306473,
              17.737642381290932
            ],
            [
              94.93626145560177,
              17.736744908250945
            ],
            [
              94.93767757755819,
              17.736303113597824
            ],
            [
              94.93910393559821,
              17.734960048967135
            ],
            [
              94.93996723979632,
              17.73333751191671
            ],
            [
              94.93999943462626,
              17.73327700373079
            ],
            [
              94.94006168300037,
              17.733160011825127
            ],
            [
              94.94017588880628,
              17.73243771592791
            ],
            [
              94.94056105404945,
              17.730001734892205
            ],
            [
              94.94066305785391,
              17.72993792079848
            ],
            [
              94.94198354410531,
              17.729111836841863
            ],
            [
              94.94239627896513,
              17.727951738382046
            ],
            [
              94.94246497907558,
              17.72775863865029
            ],
            [
              94.9430038321612,
              17.727506318561794
            ],
            [
              94.94341117108873,
              17.72731558224836
            ],
            [
              94.94367968796728,
              17.726084306945264
            ],
            [
              94.94390282775333,
              17.725061111381244
            ],
            [
              94.94485285807298,
              17.724164874909093
            ],
            [
              94.94494536413731,
              17.723740674592534
            ],
            [
              94.94534450394578,
              17.72191040314266
            ],
            [
              94.94629068426775,
              17.721467340445415
            ],
            [
              94.94677464273565,
              17.720116678342105
            ],
            [
              94.94772081856098,
              17.719671070563475
            ],
            [
              94.94786108761917,
              17.719278560557182
            ],
            [
              94.94868618232152,
              17.71696974275948
            ],
            [
              94.9505593352452,
              17.718339323900754
            ],
            [
              94.95271523861743,
              17.718097670671007
            ],
            [
              94.95433250384201,
              17.717916393426897
            ],
            [
              94.96090940604434,
              17.722307731716516
            ],
            [
              94.9661344023808,
              17.720348357190975
            ],
            [
              94.9690428458507,
              17.719827898838496
            ],
            [
              94.97051237584554,
              17.72295065075195
            ],
            [
              94.97822741326456,
              17.724236489722283
            ],
            [
              94.98079909120514,
              17.724236489722262
            ],
            [
              94.98392184311865,
              17.72680816766285
            ],
            [
              94.98906519899982,
              17.728094006633178
            ],
            [
              94.98961627207336,
              17.732686289440775
            ],
            [
              94.99108580296752,
              17.737645953398108
            ],
            [
              94.99126949399204,
              17.734339509560762
            ],
            [
              94.99331001884235,
              17.73297915906102
            ],
            [
              94.99427164412113,
              17.73267959039083
            ],
            [
              94.99443162362059,
              17.73223142494037
            ],
            [
              94.99788237986797,
              17.729930919576294
            ],
            [
              95.00192358780339,
              17.728094006633178
            ],
            [
              95.00486264869231,
              17.726073402665474
            ],
            [
              95.00798539970651,
              17.726624476638342
            ],
            [
              95.0114120757068,
              17.729166848371385
            ],
            [
              95.01367983315781,
              17.730849375598282
            ],
            [
              95.01836396192738,
              17.73205043457995
            ],
            [
              95.02084379300669,
              17.732686289440778
            ],
            [
              95.0278240609317,
              17.73323736341364
            ],
            [
              95.02819151942317,
              17.732939897358452
            ],
            [
              95.02893114615553,
              17.732341151223185
            ],
            [
              95.02991255112339,
              17.731546680235176
            ],
            [
              95.03168157784262,
              17.730114610600822
            ],
            [
              95.03517171270443,
              17.72625709368997
            ],
            [
              95.04104983358305,
              17.720195281786847
            ],
            [
              95.04325413217255,
              17.71927682486562
            ],
            [
              95.04578497999289,
              17.715905600163346
            ],
            [
              95.0466451383625,
              17.710430395346528
            ],
            [
              95.04677735938772,
              17.70958876391041
            ],
            [
              95.04869205379532,
              17.705990815623675
            ],
            [
              95.05010802376636,
              17.705548737684115
            ],
            [
              95.05105785263784,
              17.704652313253682
            ],
            [
              95.05766041429672,
              17.70424836477024
            ],
            [
              95.06002244408059,
              17.703363010994217
            ],
            [
              95.06050236369317,
              17.70246287506172
            ],
            [
              95.06144468412492,
              17.70247026299228
            ],
            [
              95.06240945793019,
              17.699766158081786
            ],
            [
              95.06382540272024,
              17.69932658925074
            ],
            [
              95.06416717927198,
              17.69836519060111
            ],
            [
              95.06430651033725,
              17.697973263355493
            ],
            [
              95.06666730625125,
              17.697538523883793
            ],
            [
              95.06669347112683,
              17.694378933940694
            ],
            [
              95.06857435192484,
              17.694844325904963
            ],
            [
              95.07140128084448,
              17.69486389425339
            ],
            [
              95.07254499455593,
              17.69378239474178
            ],
            [
              95.07282467202107,
              17.69351792930906
            ],
            [
              95.07600240398777,
              17.69354274969817
            ],
            [
              95.07612402290539,
              17.693543700281563
            ],
            [
              95.07705514318036,
              17.69490553915938
            ],
            [
              95.07888620063774,
              17.694918415652413
            ],
            [
              95.08035450485657,
              17.694928742567466
            ],
            [
              95.08049414438932,
              17.69520128301286
            ],
            [
              95.08081947863609,
              17.69583625204143
            ],
            [
              95.0836501424402,
              17.695405120649863
            ],
            [
              95.08459990116455,
              17.69450863506551
            ],
            [
              95.08695813131278,
              17.694073811956915
            ],
            [
              95.08743799786538,
              17.693173650843335
            ],
            [
              95.09074224465894,
              17.692292965448004
            ],
            [
              95.09684804240328,
              17.69233793244968
            ],
            [
              95.09686852176492,
              17.692338082636482
            ],
            [
              95.09776728892928,
              17.69106578835549
            ],
            [
              95.09782196501175,
              17.690988388203607
            ],
            [
              95.09971029129696,
              17.690549848197023
            ],
            [
              95.09973333192778,
              17.68783908290738
            ],
            [
              95.10263744516205,
              17.68116087927119
            ],
            [
              95.10375497601137,
              17.672779400149242
            ],
            [
              95.10394369514547,
              17.6713640120396
            ],
            [
              95.10931935040777,
              17.666677702414066
            ],
            [
              95.11178118965022,
              17.657974955779647
            ],
            [
              95.1122139254324,
              17.657794649803296
            ],
            [
              95.11569993600331,
              17.656342145773454
            ],
            [
              95.1155681844242,
              17.65046116055419
            ],
            [
              95.11637721993282,
              17.65046679840407
            ],
            [
              95.11773789059123,
              17.650476270063862
            ],
            [
              95.11778126759151,
              17.650476572236062
            ],
            [
              95.11878329311452,
              17.65048354557922
            ],
            [
              95.11765931142817,
              17.6419734040494
            ],
            [
              95.11929212233366,
              17.638054654998367
            ],
            [
              95.12225466182326,
              17.638764811846617
            ],
            [
              95.13098143924208,
              17.64331645069371
            ],
            [
              95.13226824588293,
              17.643987612938012
            ],
            [
              95.13529367406385,
              17.645565590379757
            ],
            [
              95.14411085763005,
              17.644585901318344
            ],
            [
              95.15194835123549,
              17.647198400385943
            ],
            [
              95.15619366120853,
              17.65111715033629
            ],
            [
              95.16076553480167,
              17.651117150336304
            ],
            [
              95.1637045956906,
              17.65177027218037
            ],
            [
              95.16631709206018,
              17.65372964580655
            ],
            [
              95.17056240203327,
              17.651443711258306
            ],
            [
              95.17774677289532,
              17.64948433583351
            ],
            [
              95.18591083191944,
              17.648504650369365
            ],
            [
              95.1934217637035,
              17.647524964005928
            ],
            [
              95.20229457573413,
              17.646082099809124
            ],
            [
              95.2131254447835,
              17.646604785782298
            ],
            [
              95.20928562832916,
              17.65122080979255
            ],
            [
              95.20660603713895,
              17.658366389297502
            ],
            [
              95.2071078552434,
              17.661189112987223
            ],
            [
              95.20548083956913,
              17.661462393574652
            ],
            [
              95.20518320174341,
              17.661744161963547
            ],
            [
              95.20453367988546,
              17.662359059922714
            ],
            [
              95.20028855966933,
              17.66278260013695
            ],
            [
              95.19996888035962,
              17.662983839632552
            ],
            [
              95.1988653762362,
              17.663678592892772
            ],
            [
              95.193903179788,
              17.66241164957802
            ],
            [
              95.18668753410248,
              17.66381958140864
            ],
            [
              95.1840476632691,
              17.669275314104528
            ],
            [
              95.18615955921632,
              17.674731047699765
            ],
            [
              95.19108731792545,
              17.680538765151937
            ],
            [
              95.19531111071923,
              17.684234583059602
            ],
            [
              95.20077539506849,
              17.68241315464343
            ],
            [
              95.20211799205174,
              17.682573708809677
            ],
            [
              95.20297308004365,
              17.682675479689696
            ],
            [
              95.20667402858362,
              17.683094281376032
            ],
            [
              95.20780519135656,
              17.683222283681513
            ],
            [
              95.21135054279337,
              17.697637382759066
            ],
            [
              95.21130355771307,
              17.703999844317412
            ],
            [
              95.21129050944951,
              17.705766932098296
            ],
            [
              95.21066315228275,
              17.71292760762303
            ],
            [
              95.21058044523141,
              17.714912560666164
            ],
            [
              95.21031089503185,
              17.721381741174472
            ],
            [
              95.21277668589539,
              17.72772234291183
            ],
            [
              95.21806052127607,
              17.73194941103657
            ],
            [
              95.22430205189822,
              17.732052244015907
            ],
            [
              95.2268936363323,
              17.732068950721548
            ],
            [
              95.23090128696487,
              17.73209478104934
            ],
            [
              95.23280004088922,
              17.730299540891185
            ],
            [
              95.23379147059995,
              17.73021968019413
            ],
            [
              95.23798864166254,
              17.729882619687196
            ],
            [
              95.24033870506723,
              17.730801689046757
            ],
            [
              95.24204134293369,
              17.734678780601314
            ],
            [
              95.24312321296594,
              17.73714231686449
            ],
            [
              95.24214276307812,
              17.7425557778269
            ],
            [
              95.24209478244832,
              17.74255554670116
            ],
            [
              95.24200164775787,
              17.74255509704017
            ],
            [
              95.2411981475765,
              17.742551220962117
            ],
            [
              95.24111038363736,
              17.742878590374676
            ],
            [
              95.24071602822221,
              17.744355367106547
            ],
            [
              95.24048967695711,
              17.745900765707805
            ],
            [
              95.24769069516951,
              17.74980131697724
            ],
            [
              95.2502120101762,
              17.752322632883246
            ],
            [
              95.25414376432332,
              17.75690967803927
            ],
            [
              95.26136939338284,
              17.75713470100566
            ],
            [
              95.26263537442306,
              17.756335817044377
            ],
            [
              95.26268871411293,
              17.756302157218837
            ],
            [
              95.26278894085699,
              17.756238909697963
            ],
            [
              95.26326962309469,
              17.75488793912711
            ],
            [
              95.26388783865286,
              17.75474330655839
            ],
            [
              95.26436971608958,
              17.754630902094505
            ],
            [
              95.26618032656084,
              17.748540661722192
            ],
            [
              95.26828142344898,
              17.741817157435893
            ],
            [
              95.27374426798366,
              17.734673435930343
            ],
            [
              95.2846699633482,
              17.73509365494827
            ],
            [
              95.29824415404457,
              17.742005016818084
            ],
            [
              95.29871078437526,
              17.742910470441924
            ],
            [
              95.29934146723497,
              17.74311692240809
            ],
            [
              95.30011959934012,
              17.743371640988467
            ],
            [
              95.30058499040506,
              17.744279000275704
            ],
            [
              95.30199635674653,
              17.74473762484155
            ],
            [
              95.30293069299717,
              17.746099143560677
            ],
            [
              95.30434206563388,
              17.74656030691267
            ],
            [
              95.30436610541149,
              17.746679067784772
            ],
            [
              95.30439008583386,
              17.746797548068457
            ],
            [
              95.30479938078685,
              17.748819635018204
            ],
            [
              95.30539631388883,
              17.749207329154956
            ],
            [
              95.30620721998731,
              17.74973399372886
            ],
            [
              95.30666908660913,
              17.75109200689064
            ],
            [
              95.30759324703082,
              17.75185990201292
            ],
            [
              95.30848276556726,
              17.752599014333107
            ],
            [
              95.30995274792105,
              17.753820437563203
            ],
            [
              95.31041462533477,
              17.755178451624307
            ],
            [
              95.31092859777665,
              17.75542897576667
            ],
            [
              95.31135353373867,
              17.755636101325084
            ],
            [
              95.31181541744763,
              17.75699411088953
            ],
            [
              95.3123650444113,
              17.757349432130646
            ],
            [
              95.31322583140708,
              17.75790591192833
            ],
            [
              95.31368772231059,
              17.759263919694217
            ],
            [
              95.31409730594595,
              17.759662027980255
            ],
            [
              95.31509207034283,
              17.76062891699099
            ],
            [
              95.31650348974432,
              17.761087510979902
            ],
            [
              95.31649896705375,
              17.761991367407738
            ],
            [
              95.32071814542616,
              17.76563058738174
            ],
            [
              95.32118005881273,
              17.766988592449657
            ],
            [
              95.32071031143181,
              17.771760166798273
            ],
            [
              95.32071020171455,
              17.778308355446313
            ],
            [
              95.32071013516469,
              17.78230771612823
            ],
            [
              95.32078263221274,
              17.78241647024397
            ],
            [
              95.32154443442818,
              17.783559263948913
            ],
            [
              95.3253976076136,
              17.789339487327524
            ],
            [
              95.33806938079731,
              17.790827626993455
            ],
            [
              95.33988386105143,
              17.791040742036667
            ],
            [
              95.34457494787563,
              17.795133910101928
            ],
            [
              95.34538088701841,
              17.795294138713587
            ],
            [
              95.3469280698746,
              17.795601732933687
            ],
            [
              95.34692383676571,
              17.79626570599758
            ],
            [
              95.34692198596095,
              17.796503237634347
            ],
            [
              95.34878544689094,
              17.796642042596257
            ],
            [
              95.34939723409514,
              17.796687613942247
            ],
            [
              95.35352122192688,
              17.796994799870152
            ],
            [
              95.35540180594865,
              17.797909973366647
            ],
            [
              95.35547913775206,
              17.797991773001975
            ],
            [
              95.36055515329775,
              17.803361038581105
            ],
            [
              95.36063136634453,
              17.803585033622422
            ],
            [
              95.36101719708601,
              17.804719015769987
            ],
            [
              95.36289537901861,
              17.806083746867518
            ],
            [
              95.36382446682575,
              17.808347580576417
            ],
            [
              95.36523256503091,
              17.809259268300664
            ],
            [
              95.36572972464712,
              17.810062478000987
            ],
            [
              95.36663526910246,
              17.811525470823884
            ],
            [
              95.36172595009259,
              17.817466850914496
            ],
            [
              95.3601632701189,
              17.826451776928035
            ],
            [
              95.36406945743954,
              17.834655487960443
            ],
            [
              95.37344458669838,
              17.837780830820748
            ],
            [
              95.37729002931142,
              17.83270813557204
            ],
            [
              95.37925118179669,
              17.830121090915664
            ],
            [
              95.39199192668609,
              17.82928976031424
            ],
            [
              95.39380925599245,
              17.82860366033072
            ],
            [
              95.39435405989201,
              17.828397979083487
            ],
            [
              95.39719221684737,
              17.827058956905372
            ],
            [
              95.40087539478371,
              17.826944280753985
            ],
            [
              95.40771182603999,
              17.826731427413502
            ],
            [
              95.40945940572703,
              17.826677015731725
            ],
            [
              95.42149253974897,
              17.828015329244117
            ],
            [
              95.42266449037402,
              17.824890147362456
            ],
            [
              95.41953951533641,
              17.819811649687963
            ],
            [
              95.41914896765084,
              17.81473319338221
            ],
            [
              95.42149288868593,
              17.807310879893222
            ],
            [
              95.42657123617369,
              17.799888607773077
            ],
            [
              95.43008702779419,
              17.79402891130524
            ],
            [
              95.45000925402395,
              17.795201174894373
            ],
            [
              95.45743144970169,
              17.785825683208767
            ],
            [
              95.47188481763025,
              17.788169806591334
            ],
            [
              95.47852551863781,
              17.79129510808281
            ],
            [
              95.48750980343476,
              17.804968011964213
            ],
            [
              95.49063503657771,
              17.797936338791036
            ],
            [
              95.4910258135905,
              17.789342044100124
            ],
            [
              95.48769217065721,
              17.783956490899413
            ],
            [
              95.48594772780545,
              17.781138315081257
            ],
            [
              95.47344760822061,
              17.77371577136581
            ],
            [
              95.467237561964,
              17.76981612931099
            ],
            [
              95.45665058185894,
              17.76316796123244
            ],
            [
              95.44961933316574,
              17.754964201636653
            ],
            [
              95.4457438765787,
              17.751440789161148
            ],
            [
              95.44284289478384,
              17.748803331208812
            ],
            [
              95.44102554569243,
              17.747151068866803
            ],
            [
              95.43165048658072,
              17.739728573714736
            ],
            [
              95.43008809439011,
              17.731524898655202
            ],
            [
              95.4320414398606,
              17.72058672789525
            ],
            [
              95.43495698527671,
              17.717016631612292
            ],
            [
              95.44290002241814,
              17.70729035126875
            ],
            [
              95.44722876519542,
              17.701989786699357
            ],
            [
              95.45118283062318,
              17.69714801756702
            ],
            [
              95.45435818927905,
              17.693972619340972
            ],
            [
              95.46407392327302,
              17.684256763039233
            ],
            [
              95.47137742732644,
              17.677866119425918
            ],
            [
              95.47158834442664,
              17.677681564152927
            ],
            [
              95.47302524611825,
              17.676424258872487
            ],
            [
              95.47657435132531,
              17.67331875325788
            ],
            [
              95.4771259199253,
              17.672823460634273
            ],
            [
              95.49571563776652,
              17.65613044266586
            ],
            [
              95.50352840900894,
              17.649098860324212
            ],
            [
              95.50797168044876,
              17.646136649087115
            ],
            [
              95.50981138578686,
              17.645999319013416
            ],
            [
              95.50986379467844,
              17.6459954060632
            ],
            [
              95.51047113743311,
              17.645950069440175
            ],
            [
              95.5146354706505,
              17.64563920978173
            ],
            [
              95.51468819970076,
              17.645635273449155
            ],
            [
              95.51476326161531,
              17.645635586413203
            ],
            [
              95.51657269487401,
              17.645643127228595
            ],
            [
              95.51799199143734,
              17.644296340303928
            ],
            [
              95.51901533179216,
              17.64428398271968
            ],
            [
              95.52426496055955,
              17.644220591307313
            ],
            [
              95.53795225719098,
              17.64405531300235
            ],
            [
              95.54035351540251,
              17.643349060111056
            ],
            [
              95.54858996085807,
              17.640926576100632
            ],
            [
              95.54979829085852,
              17.64001296022997
            ],
            [
              95.55695703463948,
              17.63460025200009
            ],
            [
              95.56613321407661,
              17.62740017987442
            ],
            [
              95.566141154191,
              17.627362959632936
            ],
            [
              95.56804434806828,
              17.624208385208874
            ],
            [
              95.5687469820876,
              17.624890671167574
            ],
            [
              95.58215543312679,
              17.607810860183122
            ],
            [
              95.58416754299778,
              17.603298857156567
            ],
            [
              95.587963150579,
              17.594787494347436
            ],
            [
              95.58813914070885,
              17.58669188901951
            ],
            [
              95.58338737302893,
              17.582292106095853
            ],
            [
              95.58037728008748,
              17.58164507715861
            ],
            [
              95.56455629333834,
              17.578244303431923
            ],
            [
              95.55734064405556,
              17.57578042272836
            ],
            [
              95.54114943519835,
              17.576660378773518
            ],
            [
              95.53604568276211,
              17.575780422728368
            ],
            [
              95.53167369428564,
              17.578228737965958
            ],
            [
              95.53164589893913,
              17.578244303431923
            ],
            [
              95.52619016624323,
              17.57842029356174
            ],
            [
              95.5195024918466,
              17.57701236263046
            ],
            [
              95.51475072506601,
              17.57120464607759
            ],
            [
              95.50861941355515,
              17.56456239373956
            ],
            [
              95.5084150318283,
              17.564340980651764
            ],
            [
              95.50559916996575,
              17.56240507573369
            ],
            [
              95.50509416916066,
              17.55975382487917
            ],
            [
              95.50595767120961,
              17.554320335115438
            ],
            [
              95.51299732856393,
              17.54780865174791
            ],
            [
              95.51669314737092,
              17.54534477374239
            ],
            [
              95.51983710080162,
              17.54418647392668
            ],
            [
              95.5199489144109,
              17.54356236601041
            ],
            [
              95.52016843982172,
              17.543354020071988
            ],
            [
              95.52184401438979,
              17.541765115867463
            ],
            [
              95.52232129808948,
              17.540413877298658
            ],
            [
              95.52421379722902,
              17.53861428891833
            ],
            [
              95.5241043767157,
              17.538185454395258
            ],
            [
              95.52375233440279,
              17.536805743290465
            ],
            [
              95.52285284598214,
              17.53460929758109
            ],
            [
              95.52109293299254,
              17.53196942674771
            ],
            [
              95.51669314737092,
              17.52792162498303
            ],
            [
              95.51510922541047,
              17.522641882416956
            ],
            [
              95.51510922541048,
              17.519566458225537
            ],
            [
              95.51510922541047,
              17.518782803383704
            ],
            [
              95.51543043716498,
              17.516534307612233
            ],
            [
              95.5168991415822,
              17.509631395772367
            ],
            [
              95.51673219683347,
              17.507753266000464
            ],
            [
              95.5164150113438,
              17.504184911704375
            ],
            [
              95.51498436173898,
              17.503784109049437
            ],
            [
              95.5135929603469,
              17.499710610056617
            ],
            [
              95.51453687977323,
              17.49926357955059
            ],
            [
              95.51460646301793,
              17.498938473731634
            ],
            [
              95.51219928816671,
              17.497734885856335
            ],
            [
              95.51205241808469,
              17.494944347103964
            ],
            [
              95.51165235197453,
              17.493944184076906
            ],
            [
              95.51058371276822,
              17.491272586960346
            ],
            [
              95.50720569278856,
              17.487894565182103
            ],
            [
              95.50514950534547,
              17.483929062176514
            ],
            [
              95.50382522215632,
              17.483282320123013
            ],
            [
              95.50282026124616,
              17.481565510739745
            ],
            [
              95.50162461528384,
              17.47952294802571
            ],
            [
              95.49904435691161,
              17.479700897778294
            ],
            [
              95.49736537211432,
              17.47981669088761
            ],
            [
              95.49654220465906,
              17.480899804682267
            ],
            [
              95.49457483336192,
              17.483488451031235
            ],
            [
              95.48972466725962,
              17.48672189420011
            ],
            [
              95.48755601689676,
              17.48816765960988
            ],
            [
              95.48541467984364,
              17.48692071002278
            ],
            [
              95.4849372792321,
              17.488271925209244
            ],
            [
              95.48091587796546,
              17.48848204820803
            ],
            [
              95.47988778379425,
              17.49156632802367
            ],
            [
              95.47768472896712,
              17.49303503244084
            ],
            [
              95.47703040383016,
              17.49458161544925
            ],
            [
              95.47606915087067,
              17.496853665364423
            ],
            [
              95.47166303761914,
              17.500231685344026
            ],
            [
              95.47136929655586,
              17.502141000007217
            ],
            [
              95.47151616663784,
              17.506987727102004
            ],
            [
              95.46933724421848,
              17.50957887896215
            ],
            [
              95.46608196011441,
              17.513450025997937
            ],
            [
              95.4659350891331,
              17.51756239998479
            ],
            [
              95.46532482717907,
              17.518206564581376
            ],
            [
              95.46445538690665,
              17.51912430744091
            ],
            [
              95.46329142136204,
              17.52035293783785
            ],
            [
              95.46313622355792,
              17.52020882597656
            ],
            [
              95.46288043658298,
              17.519971309628254
            ],
            [
              95.46180774143419,
              17.518975235818516
            ],
            [
              95.46123523481828,
              17.518443623174726
            ],
            [
              95.4547729341237,
              17.51124697117081
            ],
            [
              95.45173933919922,
              17.51124697117081
            ],
            [
              95.45143103991063,
              17.511537960308658
            ],
            [
              95.45090318463436,
              17.512040171416803
            ],
            [
              95.44948798987888,
              17.512483261993
            ],
            [
              95.44712219283498,
              17.51472989886577
            ],
            [
              95.44675091402354,
              17.518728103019612
            ],
            [
              95.44661913006888,
              17.520147254792047
            ],
            [
              95.44653804989117,
              17.520301083828027
            ],
            [
              95.44566851429056,
              17.521950801987995
            ],
            [
              95.44581383574003,
              17.523584091332804
            ],
            [
              95.44023275823525,
              17.522555997161593
            ],
            [
              95.43976116904274,
              17.522084408868416
            ],
            [
              95.43914065661608,
              17.52146389644172
            ],
            [
              95.43876405291877,
              17.521087291845106
            ],
            [
              95.43534617138874,
              17.51556960935005
            ],
            [
              95.43392323077256,
              17.517369748115424
            ],
            [
              95.43068617682565,
              17.519324847263928
            ],
            [
              95.42804250815529,
              17.519618588327276
            ],
            [
              95.42548503860372,
              17.51768110959558
            ],
            [
              95.42319578375844,
              17.515946824586308
            ],
            [
              95.42378326408641,
              17.511834450599444
            ],
            [
              95.42080858105123,
              17.505552356955775
            ],
            [
              95.42000320398472,
              17.505290263035242
            ],
            [
              95.41997820013387,
              17.50529357973495
            ],
            [
              95.41971573839066,
              17.50519671285804
            ],
            [
              95.41935082857795,
              17.505062035784373
            ],
            [
              95.41920420041356,
              17.50500791997956
            ],
            [
              95.41799136031307,
              17.50418189987482
            ],
            [
              95.41800684034348,
              17.501585940239003
            ],
            [
              95.4180100797015,
              17.501019749561863
            ],
            [
              95.41895435975594,
              17.50057316961614
            ],
            [
              95.41896767511814,
              17.49831537485472
            ],
            [
              95.41398204233747,
              17.498287282731955
            ],
            [
              95.41096416036777,
              17.498270790064964
            ],
            [
              95.41003896032981,
              17.495555219697675
            ],
            [
              95.41192458055502,
              17.495113873806297
            ],
            [
              95.41197441738552,
              17.494705330686486
            ],
            [
              95.41215395983744,
              17.49323177982285
            ],
            [
              95.41241964025426,
              17.49105080964721
            ],
            [
              95.41159913569165,
              17.48661556735459
            ],
            [
              95.40719302244007,
              17.482099302440936
            ],
            [
              95.40796409126983,
              17.475930742809574
            ],
            [
              95.40521027093727,
              17.471744932882412
            ],
            [
              95.40741332576442,
              17.466016985295692
            ],
            [
              95.40670968270575,
              17.461594084399504
            ],
            [
              95.40664225693467,
              17.46117026089887
            ],
            [
              95.40906561868344,
              17.457975826723104
            ],
            [
              95.40996169237825,
              17.45627800382686
            ],
            [
              95.40981353536642,
              17.45444566303695
            ],
            [
              95.40886146628371,
              17.45081568809359
            ],
            [
              95.40882878402124,
              17.45080503472462
            ],
            [
              95.4074836797281,
              17.450366580153638
            ],
            [
              95.40708690064004,
              17.449981399621944
            ],
            [
              95.40654829486796,
              17.449457682126365
            ],
            [
              95.40656714016143,
              17.446296921265965
            ],
            [
              95.40453233409998,
              17.444320578332047
            ],
            [
              95.403759689658,
              17.443570279344954
            ],
            [
              95.40517443295381,
              17.443126799362346
            ],
            [
              95.40517553372393,
              17.443080317003087
            ],
            [
              95.40519598700524,
              17.44221719986393
            ],
            [
              95.40519857165681,
              17.4421081103011
            ],
            [
              95.40571020316337,
              17.44200815874957
            ],
            [
              95.40848285080295,
              17.440885475684183
            ],
            [
              95.41366299435175,
              17.440462046086616
            ],
            [
              95.41407598282042,
              17.43987326174169
            ],
            [
              95.41461012255915,
              17.439111755403236
            ],
            [
              95.4196280311088,
              17.438886135286964
            ],
            [
              95.42222068303818,
              17.43876893473862
            ],
            [
              95.42308970962245,
              17.436857075893386
            ],
            [
              95.42358645195327,
              17.433284876096202
            ],
            [
              95.42054395643852,
              17.42726153898889
            ],
            [
              95.41940193255323,
              17.425850804870777
            ],
            [
              95.41721489195373,
              17.423149165002034
            ],
            [
              95.41584410122437,
              17.419820102315903
            ],
            [
              95.41591411164703,
              17.419730088273006
            ],
            [
              95.41721489195373,
              17.418057656835444
            ],
            [
              95.41995647161396,
              17.41649103783116
            ],
            [
              95.42230640101963,
              17.412182838267423
            ],
            [
              95.42178737528718,
              17.41039508226726
            ],
            [
              95.42054395643852,
              17.406112191424533
            ],
            [
              95.41717353393153,
              17.403436841437156
            ],
            [
              95.4171682827901,
              17.404362831979153
            ],
            [
              95.41716583573482,
              17.40479427003958
            ],
            [
              95.41435427982623,
              17.404777530058986
            ],
            [
              95.41340712014255,
              17.40386880020504
            ],
            [
              95.4103949012038,
              17.404215807213806
            ],
            [
              95.40587400388223,
              17.404733158408582
            ],
            [
              95.40445535033423,
              17.405626413628124
            ],
            [
              95.40391027483936,
              17.4056234557579
            ],
            [
              95.3988094559917,
              17.405595796209084
            ],
            [
              95.39786334671614,
              17.40649563986194
            ],
            [
              95.3964406669033,
              17.406760769893648
            ],
            [
              95.39550926603987,
              17.40693434624313
            ],
            [
              95.39538473331885,
              17.407052396650855
            ],
            [
              95.39361392864,
              17.40873102261866
            ],
            [
              95.39256796493969,
              17.408725215696226
            ],
            [
              95.3907042872731,
              17.41128235609591
            ],
            [
              95.39019072582141,
              17.411987009093252
            ],
            [
              95.38467555603218,
              17.408681391732888
            ],
            [
              95.38230711318278,
              17.41092492234737
            ],
            [
              95.37430713007008,
              17.41133280986134
            ],
            [
              95.37383043992293,
              17.412233184114204
            ],
            [
              95.36630006029958,
              17.41218984308682
            ],
            [
              95.36678366983057,
              17.409286718207508
            ],
            [
              95.36727722406471,
              17.40632403932301
            ]
          ]
        ]
      }
    }
  ]
}